{"projectIDs":[1588675656421,1614978021972,1374766218092]
,"preferences":{"entries":{"scripting.starred-expressions":{"class":"com.google.refine.preference.TopList","top":2147483647,"list":[]},"reconciliation.standardServices":[{"ui":{"handler":"ReconStandardServicePanel"},"preview":{"height":300,"width":430,"url":"http://www.freebase.com/widget/topic{{id}}?mode=content"},"schemaSpace":"http://rdf.freebase.com/ns/type.object.id","name":"Freebase Reconciliation Service","identifierSpace":"http://rdf.freebase.com/ns/type.object.mid","view":{"url":"http://www.freebase.com/view{{id}}"},"suggest":{"property":"http://4.standard-reconcile.dfhuynh.user.dev.freebaseapps.com/suggest_property"},"defaultTypes":[{"id":"/people/person","name":"Person"},{"id":"/location/location","name":"Location"}],"url":"http://4.standard-reconcile.dfhuynh.user.dev.freebaseapps.com/reconcile"}],"scripting.expressions":{"class":"com.google.refine.preference.TopList","top":100,"list":["grel:cell.cross(\"Merge B\", \"HESAcode\").cells[\"AverageTeachingScore\"].value[0]","jython:if value == \"Rj\": return \"Rio de Janeiro\"","jython:if value == \"Rj\": return \"RJ\"","jython:return value.upper()","jython:return value.replace(\".\", \"\").replace(\"E7\", \"\")[:5]+\"-\"+value.replace(\".\", \"\").replace(\"E7\", \"\")[-3:]","grel:toString(value)","grel:replace(replace(replace(replace(replace(value.toTitlecase(), \"Do\", \"do\"), \"Da\", \"da\"), \"Dos\", \"dos\"), \"Das\", \"das\"), \"De\", \"de\")","grel:if(and(value != null), 'http://cep.correiocontrol.com.br/'+replace(value, \"-\", \"\")+'.json', null)","grel:if(value != null, 'http://cep.correiocontrol.com.br/'+replace(value, \"-\", \"\")+'.json', '')","grel:'http://cep.correiocontrol.com.br/'+replace(value, \"-\", \"\")+'.json'","grel:value.parseJson().get(\"logradouro\") + \", \" + value.parseJson().get(\"bairro\") + \", \" + value.parseJson().get(\"localidade\") + \"-\" + value.parseJson().get(\"uf\")","grel:value.parseJson()[\"results\"][0][\"elevation\"]","grel:\"http://maps.googleapis.com/maps/api/elevation/json?locations=\"+value+\"&sensor=false\"","jython:return str(value)+\",\"+str(row[\"cells\"][\"Lng\"][\"value\"])","jython:return str(value) + str(\",\")","grel:\"http://api.sba.gov/geodata/all_data_for_city_of/\"+escape(value, \"url\")+\"/ca.json\"","grel:\"http://api.sba.gov/geodata/all_links_for_city_of/\"+value+\"/ca.json\"","jython:\"http://api.usatoday.com/open/census/rac?keypat=\"+value+\"&keyname=placename&sumlevid=3&api_key=aq54s2exnhp77kcsdcmjdysk\"","jython:if value.split(\".\")[-1] == \"br\":\n    return \"Sim\"\nelse:\n    return \"Não\"","jython:serv = value.split(\"@\")[-1].split(\".\")[0]\nreturn serv[0].capitalize()+serv[1:]","jython:return value.split(\" \")[-1]","jython:return value.split(\" \")[0]"]}}}}